,Train loss,Mean Reward,Total Reward
0,0.026915039867162704,0.00022787857055664063,1.3672714233398438
1,0.013039126992225647,0.0019168643951416016,11.50118637084961
2,0.007822990417480469,-0.0042663675944010415,-25.59820556640625
3,0.01106291264295578,-0.01028637949625651,-61.71827697753906
4,0.008097671903669834,-0.0014563603401184081,-8.73816204071045
5,0.009648624807596207,-0.00029337437947591147,-1.7602462768554688
6,0.008112002164125443,5.941390991210938e-06,0.035648345947265625
7,0.009809538722038269,0.0006162967681884766,3.6977806091308594
8,0.006054651457816362,-0.0031158955891927085,-18.69537353515625
9,0.01148117147386074,-0.008744860967000325,-52.46916580200195
10,0.013269275426864624,-0.0031938915252685547,-19.163349151611328
11,0.010859276168048382,-0.014169551213582357,-85.01730728149414
12,0.01119916420429945,0.004515384674072266,27.092308044433594
13,0.006599202286452055,0.000999191919962565,5.995151519775391
14,0.011528056114912033,-0.013250364939371744,-79.50218963623047
15,0.009645448997616768,0.05902511435495296,41.9078311920166
16,0.005713679827749729,-0.001675365447998047,-10.052192687988281
17,0.0057115498930215836,-0.01088082774480184,-65.28496646881104
18,0.007076747715473175,-0.008950012842814128,-53.700077056884766
19,0.008566189557313919,-0.00666894276936849,-40.01365661621094
20,0.007816137745976448,0.003874476114908854,23.246856689453125
21,0.007818610407412052,-3.414456049601237e-05,-0.20486736297607422
22,0.004047150257974863,-0.011619487762451171,-69.71692657470703
23,0.0029408750124275684,-0.010741195678710937,-64.44717407226562
24,0.0057884324342012405,-0.000784502665201823,-4.7070159912109375
25,0.005077437963336706,-0.002088085174560547,-12.528511047363281
26,0.003910325467586517,0.004874015172322591,29.244091033935547
27,0.004539755173027515,-0.006885456720987956,-41.312740325927734
28,0.004335975274443626,-0.00011697896321614583,-0.701873779296875
29,0.005579348653554916,0.0024240036010742187,14.544021606445312
30,0.004554189275950193,0.00011180750528971354,0.6708450317382812
31,0.005389372818171978,-0.019919272104899088,-119.51563262939453
32,0.003126931842416525,-0.01268804423014323,-76.12826538085938
33,0.004102536477148533,-0.00111602783203125,-6.6961669921875
34,0.004753281362354755,-0.010848878542582194,-65.09327125549316
35,0.0034235448110848665,7.446670532226563e-05,0.44680023193359375
36,0.004026374779641628,-0.005858107884724935,-35.14864730834961
37,0.0037694459315389395,-0.010719867706298828,-64.31920623779297
38,0.003375130705535412,-0.005511878967285156,-33.07127380371094
39,0.002606622874736786,-0.005089036305745443,-30.534217834472656
40,0.0030111195519566536,-0.008577879587809244,-51.46727752685547
41,0.002969912253320217,-0.021007508595784506,-126.04505157470703
42,0.0034368792548775673,0.0009842185974121094,5.905311584472656
43,0.002214828971773386,0.000802087148030599,4.812522888183594
44,0.0023874142207205296,0.0017219161987304687,10.331497192382812
45,0.003035625210031867,0.0032360223134358726,19.416133880615234
46,0.002663728781044483,0.0024138234456380207,14.482940673828125
47,0.0021965971682220697,0.005960350036621094,35.76210021972656
48,0.0019243629649281502,-0.014192084630330403,-85.15250778198242
49,0.002820180030539632,-0.004498814900716146,-26.992889404296875
50,0.002851602854207158,0.002330818176269531,13.984909057617188
51,0.002562594600021839,-0.0010304044087727864,-6.182426452636719
52,0.005309619940817356,-0.0011803695836018042,-1.717437744140625
53,0.0025261372793465853,-0.006658931096394856,-39.95358657836914
54,0.0021743429824709892,-0.0045270615823715735,-10.652175903320312
55,0.009295433759689331,-0.0027363624572753907,-16.418174743652344
56,0.0025122202932834625,0.002371824900309245,14.230949401855469
57,0.0019662496633827686,-0.0038517672220865886,-23.11060333251953
58,0.002291786950081587,0.005042179256898612,19.71996307373047
59,0.0023001879453659058,-0.015499547322591145,-92.99728393554688
60,0.002414977177977562,0.0010416126251220703,6.249675750732422
61,0.002472788095474243,-0.0031272773742675782,-18.76366424560547
62,0.0018134380225092173,-0.00010484695434570312,-0.6290817260742188
63,0.0022310405038297176,0.001653802235921224,9.922813415527344
64,0.0018264451064169407,-0.013957173665364583,-83.7430419921875
65,0.0022696894593536854,0.002105576197306315,12.63345718383789
66,0.003399170469492674,-0.009520215352376302,-57.12129211425781
67,0.0015247251139953732,0.0012226028442382812,7.3356170654296875
68,0.002234217245131731,-0.0033201917012532552,-19.92115020751953
69,0.001966632902622223,-0.009976531982421875,-59.85919189453125
70,0.001772628165781498,0.006368951161702474,38.213706970214844
71,0.0015411518979817629,-0.00987565176827567,-20.04757308959961
72,0.0017435328336432576,0.004389060974121094,26.334365844726562
73,0.002574465237557888,-0.002771563212076823,-16.629379272460938
74,0.0013724465388804674,0.004847777048746745,29.08666229248047
75,0.0015733144246041775,-0.014612293879191081,-87.67376327514648
76,0.0034713970962911844,-0.009726727853093486,-42.437713623046875
77,0.0013715678360313177,-0.005117883046468099,-30.707298278808594
78,0.0017052341718226671,-0.005547011693318685,-33.28207015991211
79,0.001945410156622529,0.0003841724395751953,2.305034637451172
80,0.0018294600304216146,-0.009858701705932617,-59.1522102355957
81,0.0012390215415507555,-0.0077762877146403,-46.6577262878418
82,0.0016841491451486945,-0.001280724843343099,-7.684349060058594
83,0.0020714844577014446,-0.010658647378285726,-63.951884269714355
84,0.001564831705763936,-0.011137844403584798,-66.82706642150879
85,0.0011508542811498046,-0.007112467447916666,-42.6748046875
86,0.0016512919683009386,-0.020563944498697917,-123.3836669921875
87,0.001204994972795248,-0.01781745910644531,-106.90475463867188
88,0.002481618896126747,0.0029800554911295573,17.880332946777344
89,0.0028817951679229736,0.034689828911231506,36.04273223876953
90,0.0018152282573282719,-0.010148598353068033,-60.8915901184082
91,0.0019352100789546967,-0.011254221598307291,-67.52532958984375
92,0.0018586298683658242,-0.02065280278523763,-123.91681671142578
93,0.0012319203233346343,0.0019147415161132812,11.488449096679688
94,0.002127422485500574,-0.01067993927001953,-64.07963562011719
95,0.0013875133590772748,0.001739166259765625,10.43499755859375
96,0.0012879257556051016,-0.006518881479899088,-39.11328887939453
97,0.0013065282255411148,0.00024817148844401044,1.4890289306640625
98,0.0035832251887768507,0.005112504323323568,30.675025939941406
99,0.0022088498808443546,-0.017454556783040365,-104.72734069824219
100,0.0015251337317749858,0.005836808363596598,35.02085018157959
101,0.002231182297691703,-0.001783922831217448,-10.703536987304688
102,0.0019416200229898095,-0.009540548960367838,-57.24329376220703
103,0.0018580881878733635,-0.009693116505940754,-58.15869903564453
104,0.0010345174232497811,-0.008013476053873697,-48.08085632324219
105,0.001356599386781454,0.0016279220581054688,9.767532348632812
106,0.0014831731095910072,-0.018261694590250652,-109.5701675415039
107,0.001697527477517724,0.00013919703165690103,0.8351821899414062
108,0.0014819216448813677,-0.002407536824544271,-14.445220947265625
109,0.001205728854984045,-0.006184828440348307,-37.108970642089844
110,0.0017223767936229706,-0.012986253102620443,-77.91751861572266
111,0.002440286334604025,-0.0186426575978597,-111.8559455871582
112,0.001785950968042016,-0.0035823771158854166,-21.4942626953125
113,0.001331473351456225,-0.025395899454752603,-152.37539672851562
114,0.001178296864964068,0.007762820906691031,43.479559898376465
115,0.0008326200768351555,-0.0005467739105224609,-3.2806434631347656
116,0.0019468171522021294,-0.008868140538533529,-53.20884323120117
117,0.0008141995640471578,0.0029954570034279476,17.29576873779297
118,0.00114622269757092,0.0026407686869303385,15.844612121582031
119,0.0008982982253655791,-0.005718074162801107,-34.30844497680664
120,0.0011106044985353947,-0.0015447285970052083,-9.26837158203125
121,0.0020377421751618385,0.0011636575063069662,6.981945037841797
122,0.0016289062332361937,-0.01366244633992513,-81.97467803955078
123,0.0020826412364840508,-0.01575953748257675,-89.43537521362305
124,0.00190309330355376,-0.0085162353515625,-51.097412109375
125,0.0013370011001825333,-0.009697495142618815,-58.18497085571289
126,0.0019261266570538282,-0.005932555516560872,-35.595333099365234
127,0.0022597103379666805,-0.005135048548380534,-30.810291290283203
128,0.0011531355557963252,-0.0030717029571533205,-18.430217742919922
129,0.0044570318423211575,-0.005602748235066732,-33.61648941040039
130,0.0011029666056856513,-0.0015471509297688801,-9.282905578613281
131,0.0014594022650271654,-0.013855254491170248,-83.13152694702148
132,0.0009706421406008303,-0.008020893096923828,-48.12535858154297
133,0.0017376523464918137,-0.005187449137369792,-31.12469482421875
134,0.001927046338096261,-0.005063892364501953,-30.38335418701172
135,0.0012207546969875693,-0.007174107233683268,-43.04464340209961
136,0.0022977229673415422,0.0040398146311442056,24.238887786865234
137,0.003310274099931121,-0.020544914245605467,-123.26948547363281
138,0.002302550245076418,-0.0014578806559244792,-8.747283935546875
139,0.002418826799839735,0.0003366597493489583,2.01995849609375
140,0.0032167062163352966,0.007312479654947916,43.8748779296875
141,0.0026475307531654835,0.005099635442097981,30.59781265258789
142,0.0008581735310144722,-0.0017412732442220052,-10.447639465332031
143,0.0028417520225048065,-0.009240780512491862,-55.44468307495117
144,0.0013763837050646544,-0.00332937494913737,-19.97624969482422
145,0.0021505667828023434,0.00220779546101888,13.246772766113281
146,0.002989287953823805,0.0005375022888183593,3.2250137329101562
147,0.0018510137451812625,-0.024273104349772135,-145.6386260986328
148,0.001389533281326294,-0.003219813346862793,-19.318880081176758
149,0.0012029707431793213,-0.011972352981567383,-71.8341178894043
150,0.0015837177634239197,0.001976718266805013,11.860309600830078
151,0.014149682596325874,-0.02078889973958333,-124.7333984375
152,0.002258735243231058,-0.02030740483601888,-121.84442901611328
153,0.0014726013178005815,0.0017390492757161458,10.434295654296875
154,0.001498677651397884,-0.0029712645212809246,-17.827587127685547
155,0.0023008272983133793,-0.015673876444498698,-94.04325866699219
156,0.0029124226421117783,-0.004387123107910156,-26.322738647460938
157,0.002066686749458313,-0.0014182817558012948,-5.770988464355469
158,0.0018674388993531466,-0.012098458607991537,-72.59075164794922
159,0.0014277274021878839,-0.0031183738708496092,-18.710243225097656
160,0.0015367981977760792,-0.02888158988952637,-173.2895393371582
161,0.0029719527810811996,-0.01505145263671875,-90.3087158203125
162,0.0015474495012313128,-0.007973024845123291,-47.838149070739746
163,0.001642394345253706,-0.026149542490641275,-156.89725494384766
164,0.002537786029279232,-0.0005850340525309245,-3.510204315185547
165,0.00493805855512619,0.0017087567647298177,10.252540588378906
166,0.0026857813354581594,-0.0019038206736246746,-11.422924041748047
167,0.002599107101559639,-0.003879845937093099,-23.279075622558594
168,0.004416726529598236,-0.01875849215189616,-112.55095291137695
169,0.004412854555994272,0.00264387321472168,15.863239288330078
170,0.004587193951010704,-0.006548193613688151,-39.289161682128906
171,0.003674591425806284,-0.020475043614705403,-122.85026168823242
172,0.0037273280322551727,-0.014506907780965169,-87.04144668579102
173,0.0019002954941242933,0.007843258539835612,47.05955123901367
174,0.0019331518560647964,0.0017965113321940103,10.779067993164062
175,0.002489723265171051,-0.00384475580851237,-23.06853485107422
176,0.0017196997068822384,1.3843536376953125e-05,0.08306121826171875
177,0.002306389156728983,-0.0004966837565104166,-2.9801025390625
178,0.001988185103982687,-0.00225532595316569,-13.53195571899414
179,0.004175648093223572,-0.016926961263020835,-101.561767578125
180,0.002199822571128607,-0.006486602147420247,-38.919612884521484
181,0.0014630258083343506,0.0025064767201741535,15.038860321044922
182,0.0014860486844554543,-0.009484618345896404,-56.90771007537842
183,0.0017951782792806625,0.010043130238850912,60.25878143310547
184,0.001977846957743168,0.00022069168090820313,1.3241500854492188
185,0.004097576253116131,0.006270757039388021,37.624542236328125
186,0.007233794778585434,-0.0036017443339029947,-21.61046600341797
187,0.0032199271954596043,-0.0025984846750895184,-15.59090805053711
188,0.006382111459970474,-0.005272987365722656,-31.637924194335938
189,0.002634921111166477,-0.0017045493125915528,-10.227295875549316
190,0.004159044474363327,-0.002237704594930013,-13.426227569580078
191,0.00480727618560195,0.0008147532145182291,4.888519287109375
192,0.004054731223732233,-0.0053353131612141926,-32.011878967285156
193,0.0026191824581474066,-0.01376295280456543,-82.57771682739258
194,0.003476436249911785,-0.009390672683715821,-56.34403610229492
195,0.0059921517968177795,-0.005879108428955078,-35.27465057373047
196,0.0015518560539931059,-0.012594815572102864,-75.56889343261719
197,0.004103833809494972,0.0028431084950764976,17.058650970458984
198,0.003252924419939518,0.0059209505716959635,35.52570343017578
199,0.001797113218344748,0.0003487548828125,2.092529296875
200,0.0023122208658605814,0.0015531737009684245,9.319042205810547
201,0.0019456628942862153,-0.0030332679748535157,-18.199607849121094
202,0.0018728094873949885,-0.00837310536702474,-50.23863220214844
203,0.001906484249047935,0.003952075958251953,23.71245574951172
204,0.0018550881650298834,-0.008873433430989583,-53.2406005859375
205,0.001683489652350545,0.0003303960164388021,1.9823760986328125
206,0.0038205059245228767,0.0031438331604003904,18.862998962402344
207,0.0027692886069417,-0.003212851842244466,-19.277111053466797
208,0.0018616622546687722,-0.004543198903401693,-27.259193420410156
209,0.0020803743973374367,-0.01711945088704427,-102.71670532226562
210,0.0023038138169795275,-0.0029603087107340493,-17.761852264404297
211,0.0018647999968379736,0.009512529055277507,57.07517433166504
212,0.0026222188025712967,-0.0025558203061421714,-15.334921836853027
213,0.005308663472533226,0.00045170148213704425,2.7102088928222656
214,0.0008879262022674084,-0.0027899208068847656,-16.739524841308594
215,0.004104408901184797,0.0008476486206054687,5.0858917236328125
216,0.00557164428755641,-0.003721430778503418,-22.328584671020508
217,0.00759664922952652,-0.01060800806681315,-63.648048400878906
218,0.0015293972101062536,-0.01744978396097819,-104.69870376586914
219,0.0020116199739277363,0.002312700907389323,13.876205444335938
220,0.004523545503616333,-0.0007115656534830729,-4.2693939208984375
221,0.002681526355445385,-0.0018305892944335937,-10.983535766601562
222,0.002829581266269088,-0.023869227727254232,-143.2153663635254
223,0.002657130593433976,-0.00977890141805013,-58.67340850830078
224,0.002257539425045252,0.005738500595092773,34.43100357055664
225,0.0016054336447268724,-0.01535091225306193,-92.10547351837158
226,0.003268099157139659,-0.0031134840647379556,-18.680904388427734
227,0.002356870099902153,-0.004335559844970703,-26.01335906982422
228,0.0020494444761425257,0.001712799072265625,10.27679443359375
229,0.0022653010673820972,-0.011449314117431641,-68.69588470458984
230,0.0026304174680262804,-0.009148049036661783,-54.8882942199707
231,0.00513402558863163,0.006591339747111002,39.548038482666016
232,0.00522215012460947,0.011225897838237754,62.40476608276367
233,0.004771196283400059,-0.018510584513346355,-111.06350708007812
234,0.015305372886359692,0.002896867116292318,17.381202697753906
235,0.005312981549650431,0.006054254531860351,36.32552719116211
236,0.005004911683499813,-0.00567602284749349,-34.05613708496094
237,0.005629379767924547,-0.018741260528564452,-112.44756317138672
238,0.0038335765711963177,-0.0065858866373697915,-39.51531982421875
239,0.0030603911727666855,-0.0020133806864420572,-12.080284118652344
240,0.005015967879444361,-0.00018409792582194012,-1.1045875549316406
241,0.014913205057382584,-0.0029132792154947917,-17.47967529296875
242,0.005836113356053829,0.003278160095214844,19.668960571289062
243,0.006389769725501537,0.005526626586914062,33.159759521484375
244,0.0160225760191679,-2.5822957356770832e-05,-0.154937744140625
245,0.0042554959654808044,-0.001705303192138672,-10.231819152832031
246,0.005595223046839237,-0.0012791404724121094,-7.674842834472656
247,0.0034838919527828693,-0.004581271489461263,-27.487628936767578
248,0.008448280394077301,0.006228463331858317,37.3707799911499
249,0.003804500214755535,-0.014097277959187825,-84.58366775512695
250,0.009874389506876469,-0.006321613311767578,-37.92967987060547
251,0.004903709981590509,-0.003217754364013672,-19.30652618408203
252,0.0070544397458434105,-0.013653263092041016,-81.9195785522461
253,0.0030906563624739647,-0.007592446645100911,-45.55467987060547
254,0.0039865486323833466,-0.038264327303778746,-162.01116180419922
255,0.0026846013497561216,-0.02072829246520996,-124.36975479125977
256,0.004692999646067619,-0.013523265838623047,-81.13959503173828
257,0.007513483054935932,-0.0019745330810546874,-11.847198486328125
258,0.005233347415924072,-0.011433565775553385,-68.60139465332031
259,0.003881952026858926,-0.015553905487060546,-93.32343292236328
260,0.003423829795792699,-0.00872193972269694,-52.33163833618164
261,0.003246065229177475,-0.005673002243041992,-34.03801345825195
262,0.0067035784013569355,-0.009319624582926433,-55.917747497558594
263,0.004318781662732363,-0.012016549110412597,-72.09929466247559
264,0.003648801939561963,0.0012667064666748047,7.600238800048828
265,0.002900590654462576,-0.015323310852050782,-91.93986511230469
266,0.003168319584801793,-0.003652581532796224,-21.915489196777344
267,0.00559058366343379,-0.00799057388305664,-47.943443298339844
268,0.003931714221835136,-0.002231864929199219,-13.391189575195312
269,0.002164331264793873,-0.0033540852864583333,-20.12451171875
270,0.001585725462064147,-0.02503933588663737,-150.23601531982422
271,0.002091829665005207,-0.024110594431559246,-144.66356658935547
272,0.0047499737702310085,-0.016410233815511068,-98.4614028930664
273,0.0015347945736721158,0.005588563283284506,33.53137969970703
274,0.005631974898278713,0.0021074892679850262,12.644935607910156
275,0.003804048988968134,-0.016253343582153322,-97.52006149291992
276,0.0037171465810388327,-0.0005288289388020833,-3.1729736328125
277,0.007245734333992004,-0.021468700408935545,-128.81220245361328
278,0.003373884130269289,-0.0015219281514485677,-9.131568908691406
279,0.004743444733321667,0.002501222610473633,15.007335662841797
280,0.002452430548146367,-0.012862336476643881,-77.17401885986328
281,0.004353210795670748,-0.014111465454101562,-84.66879272460938
282,0.00456985691562295,-0.007905234018961588,-47.43140411376953
283,0.004364713095128536,0.003688707987467448,22.132247924804688
284,0.0033314002212136984,0.004769609451293945,28.617656707763672
285,0.004794372245669365,-0.013464519500732422,-80.78711700439453
286,0.0021946264896541834,0.004904298782348633,29.425792694091797
287,0.009919089265167713,-0.007366864681243896,-44.20118808746338
288,0.002038629725575447,0.0019014663696289064,11.408798217773438
289,0.004288689699023962,-0.0021774749755859375,-13.064849853515625
290,0.0022170732263475657,0.00018357721964518229,1.1014633178710938
291,0.004338601138442755,-0.003926816304524739,-23.560897827148438
292,0.0024855835363268852,-0.008601281483968099,-51.607688903808594
293,0.002209702506661415,-0.01672955830891927,-100.37734985351562
294,0.0029687993228435516,-0.00745492680867513,-44.72956085205078
295,0.002911671996116638,-0.00040882682800292967,-2.452960968017578
296,0.003918965347111225,-0.00887067413330078,-53.22404479980469
297,0.0019897830206900835,-0.007819300969441731,-46.91580581665039
298,0.003862143727019429,0.0034198443094889323,20.519065856933594
299,0.006804127711802721,0.004394760131835937,26.368560791015625
300,0.008330733515322208,0.004678169886271159,28.069019317626953
301,0.004567192867398262,-0.002006371815999349,-12.038230895996094
302,0.011247199028730392,0.0012234109242757162,7.340465545654297
303,0.006477778311818838,-0.005273639678955078,-31.64183807373047
304,0.005813241936266422,-0.0020264015197753904,-12.158409118652344
305,0.005962292663753033,0.007269147872924805,43.61488723754883
306,0.0020041572861373425,-0.0193971430460612,-116.38285827636719
307,0.003977121785283089,-0.009032500584920248,-54.195003509521484
308,0.00393292773514986,-0.021641600608825685,-129.8496036529541
309,0.0038886244874447584,0.0029597880045572917,17.75872802734375
310,0.005813127849251032,-0.023484909057617187,-140.90945434570312
311,0.008900553919374943,-0.004835220336914062,-29.011322021484375
312,0.005288163665682077,0.0017131830851236979,10.279098510742188
313,0.0033694771118462086,-0.0007876548767089844,-4.725929260253906
314,0.0025202096439898014,-0.013245951334635417,-79.4757080078125
315,0.006238099187612534,-0.0024523162841796876,-14.713897705078125
316,0.0043387943878769875,-0.0028291905721028647,-16.975143432617188
317,0.0022917771711945534,0.0015364449818929037,9.218669891357422
318,0.0029229451902210712,0.002450463612874349,14.702781677246094
319,0.010103944689035416,-0.001280202865600586,-7.681217193603516
320,0.0020005807746201754,-0.010179986317952474,-61.079917907714844
321,0.004201087635010481,0.0031649767557779948,18.98986053466797
322,0.002640461316332221,-0.010420849482218424,-62.52509689331055
323,0.001608845079317689,0.002928412119547526,17.570472717285156
324,0.0051371753215789795,0.0044975935618082686,26.98556137084961
325,0.0031576354522258043,-0.00542745844523112,-32.56475067138672
326,0.003831934416666627,-0.011929941813151042,-71.57965087890625
327,0.007843980565667152,-0.01820946502685547,-109.25679016113281
328,0.007127011194825172,0.00046012433369954425,2.7607460021972656
329,0.005563242360949516,-6.837209065755208e-05,-0.4102325439453125
330,0.010577218607068062,0.002896832784016927,17.380996704101562
331,0.009092183783650398,-0.0003398869832356771,-2.0393218994140625
332,0.0041906144469976425,-0.009729782740275065,-58.37869644165039
333,0.003174654208123684,0.0006549911499023437,3.9299468994140625
334,0.0029108652379363775,0.00786221996943156,47.173319816589355
335,0.0017791875870898366,0.003378400802612305,20.270404815673828
336,0.0021109243389219046,0.002427785873413086,14.566715240478516
337,0.0023004645481705666,0.0024258829752604166,14.5552978515625
338,0.004131300374865532,-0.01297567335764567,-77.85404014587402
339,0.002572094788774848,0.0022743740081787108,13.646244049072266
340,0.009232940152287483,0.004421612421671549,26.529674530029297
341,0.0033449619077146053,0.03221912387770171,164.44640827178955
342,0.004141269251704216,0.00037627410888671877,2.2576446533203125
343,0.003114121500402689,-0.008908369700113933,-53.450218200683594
344,0.0067258840426802635,-0.010266506830851237,-61.59904098510742
345,0.005271023139357567,-0.0048631134033203125,-29.178680419921875
346,0.006074598524719477,-0.00247531255086263,-14.851875305175781
347,0.0031382045708596706,-0.010085439046223959,-60.51263427734375
348,0.004350523930042982,0.0030614662170410155,18.368797302246094
349,0.021876703947782516,-0.0034261500040690105,-20.556900024414062
350,0.007312072440981865,0.0002084681193033854,1.2508087158203125
351,0.007812919095158577,0.0004831244150797526,2.8987464904785156
352,0.009773483499884605,0.008160346349080404,48.96207809448242
353,0.020041026175022125,-0.001973140716552734,-11.838844299316406
354,0.054046716541051865,0.0034404087066650393,20.642452239990234
355,0.00907177571207285,-0.012791915575663249,-76.75149345397949
356,0.019640598446130753,0.0038365968068440753,23.019580841064453
357,0.016284875571727753,-0.022271204630533854,-133.62722778320312
358,0.013654295355081558,-0.017085522969563803,-102.51313781738281
359,0.019208639860153198,0.007718446413675944,46.310678482055664
360,0.018678266555070877,-0.0006487019856770834,-3.8922119140625
361,0.010440090671181679,0.0010290323893229166,6.1741943359375
362,0.017804134637117386,-0.0015869674682617188,-9.521804809570312
363,0.012353225611150265,-0.00017005411783854165,-1.02032470703125
364,0.010448885150253773,0.004585007985432943,27.510047912597656
365,0.006475035101175308,0.0017779413859049479,10.667648315429688
366,0.010680953040719032,0.007077050526936849,42.462303161621094
367,0.010293608531355858,0.0017328987121582031,10.397392272949219
368,0.0062584178522229195,-0.010292004903157553,-61.75202941894531
369,0.004317858722060919,0.0008265291849772136,4.959175109863281
370,0.00924128107726574,0.00025763638814290367,1.5458183288574219
371,0.011701822280883789,-0.005024834950764974,-30.149009704589844
372,0.004338584374636412,-0.006084173838297526,-36.505043029785156
373,0.0036770678125321865,0.0034026756286621093,20.416053771972656
374,0.004379916470497847,-0.01708738327026367,-102.52429962158203
375,0.005834979936480522,-0.03421508916219076,-205.29053497314453
376,0.005665705539286137,0.0032263603210449217,19.35816192626953
377,0.00820072740316391,-0.0058758138020833335,-35.2548828125
378,0.007110751233994961,-0.016494450887044272,-98.96670532226562
379,0.004844651557505131,0.003579764684041341,21.478588104248047
380,0.005112471058964729,0.0022343502044677734,13.40610122680664
381,0.005881632678210735,0.0012147452036539714,7.288471221923828
382,0.004230458289384842,0.004112092653910319,24.672555923461914
383,0.003941901959478855,0.0012809276580810548,7.685565948486328
384,0.003303058911114931,-0.008863749186197917,-53.1824951171875
385,0.005206802859902382,-0.0004754816691080729,-2.8528900146484375
386,0.0041673388332128525,-0.0021694634755452472,-13.016780853271484
387,0.00512488279491663,-0.005690146128336589,-34.14087677001953
388,0.002295117359608412,-0.004285232543945312,-25.711395263671875
389,0.004547342658042908,-0.004738925774892171,-28.433554649353027
390,0.0035380246117711067,0.0004615198771158854,2.7691192626953125
391,0.005402018781751394,-0.009345357259114583,-56.0721435546875
392,0.002911046613007784,-0.0002718219757080078,-1.6309318542480469
393,0.004275441635400057,-0.003948109944661458,-23.68865966796875
394,0.0041322554461658,-0.02207519276936849,-132.45115661621094
395,0.002472225110977888,-0.007156820933024089,-42.94092559814453
396,0.004232208244502544,0.0024738279978434243,14.842967987060547
397,0.0035377833992242813,0.006592521667480469,39.55513000488281
398,0.003621934913098812,0.0032140509287516277,19.284305572509766
399,0.00478484109044075,-0.0019642499287923177,-11.785499572753906
400,0.003597262082621455,-0.0008298753102620442,-4.979251861572266
401,0.005746549926698208,-0.003214063008626302,-19.284378051757812
402,0.003406045027077198,-0.015003410339355469,-90.02046203613281
403,0.009783928282558918,-0.0018480008443196615,-11.088005065917969
404,0.004526125267148018,-0.0032711461385091147,-19.626876831054688
405,0.003127111354842782,0.000495141347249349,2.9708480834960938
406,0.00670734653249383,-0.0040496908823649085,-24.298145294189453
407,0.00469137541949749,0.005294759114583334,31.7685546875
408,0.007725147996097803,-0.0012609469095865885,-7.565681457519531
409,0.007780501153320074,0.0011712729136149089,7.027637481689453
410,0.006182513199746609,-0.010527278900146484,-63.163673400878906
411,0.005129823461174965,-0.005447660446166992,-32.68596267700195
412,0.002699649892747402,-0.009733137766520182,-58.398826599121094
413,0.00846683420240879,-0.004832790374755859,-28.996742248535156
414,0.003386416472494602,0.0036630837122599283,21.97850227355957
415,0.003783220425248146,0.002943813959757487,17.662883758544922
416,0.008060517720878124,-0.007869720458984375,-47.21832275390625
417,0.0025920351035892963,0.0038769849141438804,23.26190948486328
418,0.002117942087352276,-0.006112844308217367,-36.6770658493042
419,0.004446833860129118,-0.003642873128255208,-21.85723876953125
420,0.0029174769297242165,-0.003018754323323568,-18.112525939941406
421,0.00747052114456892,0.0010073795318603516,6.044277191162109
422,0.004254681058228016,-0.006816417694091797,-40.89850616455078
423,0.004062522202730179,-0.006108070373535156,-36.64842224121094
424,0.0034392729867249727,-0.014717175801595051,-88.30305480957031
425,0.008457324467599392,-0.021961305618286135,-131.7678337097168
426,0.0020785084925591946,-0.002507074038187663,-15.042444229125977
427,0.002765452489256859,-0.000994556427001953,-5.967338562011719
428,0.00591996219009161,-0.0026141331990559894,-15.684799194335938
429,0.007924072444438934,-0.008404836654663086,-50.429019927978516
430,0.0038111251778900623,-0.008700610478719076,-52.20366287231445
431,0.01529266033321619,0.008021139780680338,48.12683868408203
432,0.0023205082397907972,-0.0043339513142903645,-26.003707885742188
433,0.006008293945342302,-0.0017329839070638021,-10.397903442382812
434,0.004521384835243225,-0.005020050048828125,-30.12030029296875
435,0.004971799440681934,-0.0035518709818522136,-21.31122589111328
436,0.0067191775888204575,0.0014788703918457032,8.873222351074219
437,0.0035560803953558207,-0.0026306482950846353,-15.783889770507812
438,0.003377004060894251,-0.0019708805084228515,-11.82528305053711
439,0.003481680527329445,0.0023658364613850912,14.195018768310547
440,0.005572608672082424,-0.013403128306070964,-80.41876983642578
441,0.006067531183362007,-0.006082913716634115,-36.49748229980469
442,0.003715365193784237,0.00796850617726644,47.81103706359863
443,0.003543509403243661,0.004083116213480631,24.49869728088379
444,0.0038956422358751297,-0.012213656743367513,-73.28194046020508
445,0.007715316489338875,0.0035158475240071613,21.09508514404297
446,0.0029731416143476963,0.006065320332845052,36.39192199707031
447,0.0031676164362579584,-0.002996095021565755,-17.97657012939453
448,0.0027084066532552242,-0.004699450810750325,-28.196704864501953
449,0.006926766596734524,0.00486052672068278,29.16316032409668
450,0.0032420139759778976,-0.026185030937194823,-157.11018562316895
451,0.0024816098157316446,-0.0028284950256347655,-16.970970153808594
452,0.00399985583499074,0.004033439636230469,24.200637817382812
453,0.003065642435103655,0.0020573412577311197,12.344047546386719
454,0.0029676754493266344,-0.004747360865275065,-28.48416519165039
455,0.002457799157127738,0.0007421574592590332,4.452944755554199
456,0.0031506535597145557,-0.0008260383605957031,-4.956230163574219
457,0.003195486729964614,0.0032674198150634765,19.60451889038086
458,0.00494272168725729,-0.003656232198079427,-21.937393188476562
459,0.007019111420959234,-0.00713360087076823,-42.801605224609375
460,0.003167673945426941,0.0005026696523030598,3.0160179138183594
461,0.0028442388866096735,-0.02208388392130534,-132.50330352783203
462,0.008970560505986214,-0.008153823852539063,-48.922943115234375
463,0.0031799273565411568,9.032758076985677e-05,0.5419654846191406
464,0.009767146781086922,0.009834908326466878,59.00944995880127
465,0.0058919754810631275,-0.0020998446146647137,-12.599067687988281
466,0.009094959124922752,-0.002472370147705078,-14.834220886230469
467,0.004768713377416134,-0.0150376828511556,-90.2260971069336
468,0.004663136322051287,-0.00207028325398763,-12.421699523925781
469,0.006534124258905649,-0.0008872795104980469,-5.323677062988281
470,0.014263885095715523,-0.026159842173258462,-156.95905303955078
471,0.005597220733761787,0.0062547868092854815,37.52872085571289
472,0.009272637777030468,-0.003590076446533203,-21.54045867919922
473,0.006888184230774641,-0.004436305522918701,-26.617833137512207
474,0.004569068551063538,-0.01073024050394694,-64.38144302368164
475,0.008257209323346615,0.0003042214711507161,1.8253288269042969
476,0.0060041965916752815,0.0010111980438232422,6.067188262939453
477,0.004649834707379341,0.003674264907836914,22.045589447021484
478,0.015077054500579834,0.003538238525390625,21.22943115234375
479,0.00511722918599844,-0.008784093856811524,-52.70456314086914
480,0.004412896931171417,-0.007677931467692058,-46.067588806152344
481,0.009557085111737251,0.008908824602762858,53.45294761657715
482,0.0055841379798948765,0.006163305600484212,36.97983360290527
483,0.004643435589969158,-0.0004898223876953125,-2.938934326171875
484,0.03136049583554268,0.00024428728314508327,1.1755104064941406
485,0.005517956800758839,-0.009990484873453775,-59.942909240722656
486,0.009965606965124607,0.009179221471150717,55.0753288269043
487,0.006489624734967947,-0.0016662648518880208,-9.997589111328125
488,0.005326789803802967,-0.018142940521240235,-108.8576431274414
489,0.00903431884944439,-0.011820425033569336,-70.92255020141602
490,0.006402775179594755,0.0,0.0
491,0.0043869223445653915,-0.008346642812093099,-50.079856872558594
492,0.004643273539841175,0.008750452995300292,52.50271797180176
493,0.005095425993204117,0.0048311258951822915,28.98675537109375
494,0.004806858021765947,-0.0067349694569905595,-40.40981674194336
495,0.0038303211331367493,-0.0026135546366373697,-15.681327819824219
496,0.008994769304990768,0.0017415459950764975,10.449275970458984
497,0.009842069819569588,-0.0028259175618489583,-16.95550537109375
498,0.008086532354354858,0.004125043233235677,24.750259399414062
499,0.01497034914791584,-0.015033246994018555,-90.19948196411133
500,0.007648111786693335,0.002160851796468099,12.965110778808594
501,0.0077530089765787125,-0.016878578821818035,-101.2714729309082
502,0.006255673710256815,-0.0034957057919320473,-11.920356750488281
503,0.0034785845782607794,-0.0048078664143880205,-28.847198486328125
504,0.004872766323387623,0.00637307866414388,38.23847198486328
505,0.005712893325835466,0.0005530840555826822,3.3185043334960938
506,0.008092445321381092,0.0013326836824417115,7.9961020946502686
507,0.004887438379228115,-0.007965929667154948,-47.79557800292969
508,0.003457295708358288,-0.0015128822326660157,-9.077293395996094
509,0.008882977068424225,0.00020853678385416666,1.251220703125
510,0.0040833004750311375,-0.0019450670878092449,-11.670402526855469
511,0.0033246856182813644,-0.0016822001139322916,-10.09320068359375
512,0.0034196285996586084,0.004229142506917318,25.374855041503906
513,0.0024803357664495707,-0.008295485178629557,-49.772911071777344
514,0.004797656554728746,-0.012833214441935222,-76.99928665161133
515,0.016559571027755737,0.0011575520833333333,6.9453125
516,0.0032195127569139004,-0.015312302271525064,-91.87381362915039
517,0.015699753537774086,-0.00734625498453776,-44.07752990722656
518,0.004831423982977867,0.0016764259338378905,10.058555603027344
519,0.0029283547773957253,-0.0028672459920247397,-17.203475952148438
520,0.006118071265518665,-0.0034259204864501955,-20.555522918701172
521,0.004007293842732906,-0.014072630564371745,-84.43578338623047
522,0.0039014220237731934,0.0010453179677327475,6.271907806396484
523,0.01410696841776371,0.0019817384084065757,11.890430450439453
524,0.009839450940489769,0.00029914347330729167,1.79486083984375
525,0.006726865656673908,0.0008869400024414063,5.3216400146484375
526,0.012975530698895454,-0.010740989844004314,-64.44593906402588
527,0.00806700810790062,0.0011174354553222655,6.704612731933594
528,0.0071642398834228516,-2.4453481038411457e-05,-0.14672088623046875
529,0.005288328975439072,-0.008856034596761068,-53.136207580566406
530,0.005489600822329521,-0.01901920255025228,-114.11521530151367
531,0.006323479115962982,-0.0011850980122884115,-7.110588073730469
532,0.016453132033348083,-0.0011551221211751302,-6.930732727050781
533,0.0043852487578988075,-0.00945777130126953,-56.74662780761719
534,0.003148494753986597,0.000359893798828125,2.15936279296875
535,0.005337559152394533,-0.0022765655517578125,-13.659393310546875
536,0.00390896201133728,0.0017833213806152345,10.699928283691406
537,0.0036656272131949663,-0.01844867976506551,-110.69207859039307
538,0.0034852405078709126,-0.009540438969930013,-57.24263381958008
539,0.005430470686405897,0.007668073018391927,46.00843811035156
540,0.005289112217724323,0.000362176259358724,2.1730575561523438
541,0.0032099324744194746,0.0026944173177083333,16.16650390625
542,0.006389065645635128,0.0012983614603678385,7.790168762207031
543,0.003062665928155184,0.0,0.0
544,0.0038837806787341833,0.007180719375610351,43.08431625366211
545,0.004909267649054527,-0.008977005004882813,-53.862030029296875
546,0.0027483711019158363,0.0008701922098795573,5.221153259277344
547,0.006598184816539288,-0.024587609608968098,-147.5256576538086
548,0.005457248073071241,-0.004395739237467448,-26.374435424804688
549,0.005235061049461365,0.001988262176513672,11.929573059082031
550,0.03520095720887184,-0.0015796801249186197,-9.478080749511719
551,0.0029744235798716545,-0.0019292182922363281,-11.575309753417969
552,0.0027135834097862244,0.0037663536071777344,22.598121643066406
553,0.00849197804927826,-0.032661353429158525,-195.96812057495117
554,0.003509826958179474,-0.0016530081431070964,-9.918048858642578
555,0.003184956032782793,-0.004111539204915364,-24.669235229492188
556,0.0020724914502352476,-0.0006154390970865885,-3.6926345825195312
557,0.006949244067072868,0.004018424352010091,24.110546112060547
558,0.003743093926459551,-0.0018591810862223308,-11.155086517333984
559,0.007900780066847801,-0.0020454233487447104,-12.272540092468262
560,0.006404503248631954,-0.0025620752970377603,-15.372451782226562
561,0.0037373844534158707,-0.004354236602783203,-26.12541961669922
562,0.003581784199923277,-0.003858440399169922,-23.15064239501953
563,0.002485477365553379,0.0024915053049723306,14.949031829833984
564,0.006801721639931202,-0.012774330774943034,-76.6459846496582
565,0.00892152450978756,0.0022300872802734377,13.380523681640625
566,0.011751940473914146,-0.0076031239827473954,-45.618743896484375
567,0.002918592654168606,-0.006771661122639974,-40.629966735839844
568,0.002838751068338752,-0.006683740139007568,-40.10244083404541
569,0.011914649978280067,-0.006775307973225912,-40.65184783935547
570,0.011639337986707687,-0.0004339078267415365,-2.6034469604492188
571,0.004884104244410992,0.006194128672281901,37.164772033691406
572,0.004434623289853334,0.00026251729329427085,1.575103759765625
573,0.008624333888292313,-0.008203696727752686,-49.22218036651611
574,0.0033836516086012125,-0.014436696370442708,-86.62017822265625
575,0.00670277327299118,0.0014346237182617187,8.607742309570312
576,0.008249242790043354,-0.004793163935343425,-28.758983612060547
577,0.007780034095048904,0.10587439439876284,145.47141790390015
578,0.017549214884638786,-0.006575343449910482,-39.45206069946289
579,0.023535508662462234,0.0022567660013834635,13.540596008300781
580,0.005938520655035973,0.004647608439127604,27.885650634765625
581,0.012481954880058765,0.008182359085047572,17.616619110107422
582,0.005969145335257053,-0.0056200485229492185,-33.72029113769531
583,0.005471024662256241,-0.0021004632314046224,-12.602779388427734
584,0.010046187788248062,0.0001533667246500651,0.9202003479003906
585,0.014363635331392288,-0.0006998227437337239,-4.198936462402344
586,0.008034451864659786,-0.0007080535888671875,-4.248321533203125
587,0.007469659671187401,-0.018578646341959635,-111.47187805175781
588,0.011052265763282776,-0.004642954508463542,-27.85772705078125
589,0.005935075227171183,-0.007716917673746744,-46.30150604248047
590,0.006806279998272657,-0.009853271484375,-59.11962890625
591,0.00462978333234787,0.0003101965586344401,1.8611793518066406
592,0.004471139516681433,-0.01085324223836263,-65.11945343017578
593,0.008681104518473148,0.0004641888936360677,2.7851333618164062
594,0.004338515922427177,0.0026647561391194663,15.988536834716797
595,0.0034929057583212852,-0.0007666568756103516,-4.599941253662109
596,0.002770095132291317,-0.0012886816660563152,-7.732089996337891
597,0.010858671739697456,-0.0037470804850260418,-22.48248291015625
598,0.004347768612205982,0.004873260498046875,29.23956298828125
599,0.003612159751355648,0.0038901948928833007,23.341169357299805
600,0.00313357450067997,-0.010386002858479819,-62.316017150878906
601,0.005932546220719814,0.0010233141581217449,6.139884948730469
602,0.0035103345289826393,0.002487527847290039,14.925167083740234
603,0.014016026630997658,-0.003294375737508138,-19.766254425048828
604,0.003560856683179736,-0.00573898442586263,-34.43390655517578
605,0.0066400812938809395,0.00022228749593098957,1.3337249755859375
606,0.01126351859420538,0.010675986607869467,8.711605072021484
607,0.003442139830440283,0.003013694127400716,18.082164764404297
608,0.003691872116178274,0.006726013819376628,40.356082916259766
609,0.0037344936281442642,0.002676711400349935,16.06026840209961
610,0.0058790771290659904,0.0019109891255696615,11.465934753417969
611,0.0035251264926046133,0.00010849126180013021,0.6509475708007812
612,0.003096960252150893,-0.004693476359049479,-28.160858154296875
613,0.0068355342373251915,0.00479463259379069,28.76779556274414
614,0.00992487370967865,-0.01350852076212565,-81.0511245727539
615,0.00920580793172121,-0.0014860013326009115,-8.916007995605469
616,0.003341994248330593,-0.0018029041290283203,-10.817424774169922
617,0.004014191217720509,0.005326824188232422,31.96094512939453
618,0.004730972461402416,0.004511075973510742,27.066455841064453
619,0.0028222277760505676,-0.0011663602193196614,-6.998161315917969
620,0.0025653489865362644,-0.020108410618438426,-83.49012088775635
621,0.008810525760054588,-0.011986194610595703,-71.91716766357422
622,0.005030883010476828,0.0018599961598714193,11.159976959228516
623,0.0032492373138666153,-0.0080352783203125,-48.211669921875
624,0.002440394600853324,0.008241222381591798,49.44733428955078
625,0.006091413088142872,-0.009734137217203776,-58.404823303222656
626,0.004923869855701923,-0.0030428479512532554,-18.25708770751953
627,0.005607899744063616,-0.0005032691955566406,-3.0196151733398438
628,0.002262439578771591,-0.005648230234781901,-33.889381408691406
629,0.005534340161830187,0.0018290157318115235,10.97409439086914
630,0.007152293808758259,-0.004475486119588216,-26.852916717529297
631,0.022193748503923416,0.002200929005940755,13.205574035644531
632,0.00782379973679781,0.00046522839864095053,2.791370391845703
633,0.0077064973302185535,0.0005525843302408854,3.3155059814453125
634,0.005741162691265345,-0.0059923362731933594,-35.954017639160156
635,0.01713736727833748,0.0004136085510253906,2.4816513061523438
636,0.005479820072650909,-0.012631718317667644,-75.79030990600586
637,0.005537885241210461,0.0018486175537109374,11.091705322265625
638,0.004570667631924152,0.005969463984171549,35.8167839050293
639,0.004471668973565102,-0.028828243255615234,-172.9694595336914
640,0.003783932188525796,-0.007681542714436849,-46.089256286621094
641,0.006832029204815626,0.0009912675221761067,5.947605133056641
642,0.0052681248635053635,-0.010867869059244792,-65.20721435546875
643,0.01111477892845869,0.0021851075490315753,13.110645294189453
644,0.008408069610595703,0.00013970057169596355,0.8382034301757812
645,0.006140115670859814,0.0019160792032877603,11.496475219726562
646,0.010638723149895668,-0.008883951822916666,-53.3037109375
647,0.007448999211192131,0.00017817942301432291,1.0690765380859375
648,0.0053058210760355,-0.0029685834248860676,-17.811500549316406
649,0.01922241784632206,-0.011465713500976563,-68.79428100585938
650,0.010894741863012314,0.0016716969807942707,10.030181884765625
651,0.011575931683182716,-0.000680169423421224,-4.081016540527344
652,0.0062762158922851086,0.007628302892049153,45.76981735229492
653,0.012857838533818722,0.002569488525390625,15.41693115234375
654,0.00330501701682806,0.0005936997731526693,3.5621986389160156
655,0.004611673299223185,0.007121220270792643,42.72732162475586
656,0.00562981516122818,0.00300460688273112,18.02764129638672
657,0.008379055187106133,-8.823553721110027e-06,-0.052941322326660156
658,0.003434021957218647,0.0005948314666748047,3.568988800048828
659,0.004720580764114857,-0.007736996332804362,-46.42197799682617
660,0.026548195630311966,0.002124996821085612,12.749980926513672
661,0.005477786995470524,-0.017797643025716146,-106.78585815429688
662,0.004426289349794388,-0.024864025115966797,-149.18415069580078
663,0.02786572463810444,-0.008046321868896485,-48.277931213378906
664,0.006546177435666323,-0.009233322143554688,-55.399932861328125
665,0.0050164260901510715,-0.0023386082943016883,-8.388587951660156
666,0.005351873580366373,-0.03709477996826172,-222.5686798095703
667,0.0038063230458647013,-0.022577044169108072,-135.46226501464844
668,0.004661165177822113,-0.002734135945638021,-16.404815673828125
669,0.008834972977638245,0.004874955495198567,29.249732971191406
670,0.005387012846767902,-0.0026989994049072268,-16.19399642944336
671,0.0017844174290075898,-0.003975420633951823,-23.852523803710938
672,0.003752509132027626,-0.023055035909016926,-138.33021545410156
673,0.003798430785536766,-0.0013866793314615885,-8.320075988769531
674,0.006055112928152084,-0.013072648366292317,-78.4358901977539
675,0.0030813112389296293,-0.003319578806559245,-19.91747283935547
676,0.010815638117492199,-0.016803879419962565,-100.82327651977539
677,0.0058877067640423775,-0.00957321294148763,-57.43927764892578
678,0.00422975467517972,0.0018207372029622397,10.924423217773438
679,0.004962288308888674,0.0013343035380045574,8.005821228027344
680,0.004471863154321909,-0.004715382258097331,-28.292293548583984
681,0.009395033121109009,-0.0033694534301757814,-20.216720581054688
682,0.004261992406100035,-0.002070299784342448,-12.421798706054688
683,0.0032323976047337055,-0.004318620681762695,-25.911724090576172
684,0.0026327273808419704,0.004934731165568034,29.608386993408203
685,0.0037652631290256977,-0.005924830118815104,-35.548980712890625
686,0.003074934706091881,0.004332273801167806,25.993642807006836
687,0.004482930526137352,-0.00032375876108805337,-1.9425525665283203
688,0.0047144037671387196,0.0010534807840983072,6.320884704589844
689,0.0029081138782203197,-0.005610713958740235,-33.664283752441406
690,0.005322706885635853,0.0036999568939208986,22.19974136352539
691,0.003021372715011239,-0.0009139353434244791,-5.483612060546875
692,0.004398356191813946,-0.0049324537913004556,-29.594722747802734
693,0.004902837797999382,0.000738958994547526,4.433753967285156
694,0.006265833042562008,-0.0012806917826334635,-7.684150695800781
695,0.029951877892017365,0.00016507212320963541,0.9904327392578125
696,0.00407090550288558,-0.003068592071533203,-18.41155242919922
697,0.005903337150812149,-0.0002444299062093099,-1.4665794372558594
698,0.003447706112638116,-0.005026185353597005,-30.15711212158203
699,0.008633403107523918,-0.00010919761657714843,-0.6551856994628906
700,0.03574740141630173,-6.805292765299479e-05,-0.40831756591796875
701,0.006799004971981049,-0.008829042434692383,-52.9742546081543
702,0.005372283514589071,-0.031882268269856774,-191.29360961914062
703,0.00827579852193594,0.0022735137939453127,13.641082763671875
704,0.0035930932499468327,-0.0042240498860677085,-25.34429931640625
705,0.007425893563777208,0.004491864522298177,26.951187133789062
706,0.008690102957189083,0.0029450162251790364,17.67009735107422
707,0.005801493301987648,0.0009203306833902994,5.521984100341797
708,0.005371234379708767,-0.0002578773498535156,-1.5472640991210938
709,0.004692954942584038,-0.003205863952636719,-19.235183715820312
710,0.008255135267972946,-0.0024352970123291016,-14.61178207397461
711,0.004829833284020424,-0.0005961945851643881,-3.577167510986328
712,0.012039680033922195,0.001172271728515625,7.03363037109375
713,0.019060153514146805,-0.00012765248616536458,-0.7659149169921875
714,0.005698277615010738,-0.027908289591471354,-167.44973754882812
715,0.0047472938895225525,0.008602879126866659,51.61727476119995
716,0.00571065116673708,-0.0032773850758870443,-19.664310455322266
717,0.005591988563537598,-0.005340113321940104,-32.040679931640625
718,0.01183801144361496,-0.001108456293741862,-6.650737762451172
719,0.004706995561718941,0.0034326035181681314,20.59562110900879
720,0.004134172573685646,-0.0008052800496419271,-4.8316802978515625
721,0.0038913856260478497,-0.005772422790527343,-34.63453674316406
722,0.003541010431945324,-0.007055343627929688,-42.332061767578125
723,0.012844211421906948,-0.0035504798889160155,-21.302879333496094
724,0.007267250679433346,0.0024986356099446615,14.991813659667969
725,0.002867636037990451,-0.003507112503051758,-21.042675018310547
726,0.016543293371796608,0.00018480745951334637,1.1088447570800781
727,0.0032538138329982758,-0.005572686513264974,-33.436119079589844
728,0.021709244698286057,-0.003890724182128906,-23.344345092773438
729,0.0064681461080908775,-0.01735781987508138,-104.14691925048828
730,0.004288381431251764,-0.0066386604309082034,-39.83196258544922
731,0.012393414974212646,-0.00681019401550293,-40.86116409301758
732,0.04442126303911209,0.0025050945281982423,15.030567169189453
733,0.0043250201269984245,0.007230594952901204,43.38356971740723
734,0.016560815274715424,0.006588199615478516,39.529197692871094
735,0.004371598828583956,-0.003776387532552083,-22.6583251953125
736,0.013373629190027714,-0.008187596321105956,-49.12557792663574
737,0.0038482961244881153,0.004115807851155599,24.694847106933594
738,0.006309161894023418,-0.001046441396077474,-6.278648376464844
739,0.0036344025284051895,0.003712942123413086,22.277652740478516
740,0.006024678237736225,-0.0016016470591227214,-9.609882354736328
741,0.006262313574552536,0.0032124703725179035,19.274822235107422
742,0.005220185965299606,0.005986382802327474,35.918296813964844
743,0.006814013700932264,0.0024500071207682293,14.700042724609375
744,0.00588751258328557,0.0022380892435709637,13.428535461425781
745,0.006283470429480076,-0.012371256510416666,-74.2275390625
746,0.007988075725734234,0.00128424072265625,7.7054443359375
747,0.014482974074780941,0.0009567495981852213,5.740497589111328
748,0.01490043569356203,0.004465912501017253,26.795475006103516
749,0.006711743772029877,0.0007224273681640625,4.334564208984375
750,0.007668244652450085,-0.0005794321695963542,-3.476593017578125
751,0.0034082289785146713,0.004840646107991536,29.04387664794922
752,0.01552163902670145,-0.001499304453531901,-8.995826721191406
753,0.005605416372418404,-0.01622945022583008,-97.37670135498047
754,0.007476691156625748,-0.0054964307149251304,-32.97858428955078
755,0.0051181986927986145,-0.0006778875986735027,-4.067325592041016
756,0.003152059158310294,0.00012728754679361978,0.7637252807617188
757,0.005632340908050537,-0.00985479736328125,-59.1287841796875
758,0.005624433048069477,-0.00016107749938964842,-0.9664649963378906
759,0.003677163040265441,-0.0025975112915039063,-15.585067749023438
760,0.019480926916003227,-0.0019330552419026693,-11.598331451416016
761,0.0033003329299390316,0.008230534235636393,49.38320541381836
762,0.003316145855933428,6.627527872721354e-05,0.39765167236328125
763,0.0033694079611450434,-0.003465184529622396,-20.791107177734375
764,0.0030980368610471487,-0.015538373947143554,-93.23024368286133
765,0.0035590643528848886,-0.005254553476969401,-31.527320861816406
766,0.0061235930770635605,-0.006527800877888997,-39.166805267333984
767,0.0033515035174787045,0.004249281565348307,25.495689392089844
768,0.002968135755509138,7.366434733072916e-05,0.441986083984375
769,0.006040661595761776,0.0009349644978841146,5.6097869873046875
770,0.023276276886463165,0.0028517227172851563,17.110336303710938
771,0.01900625042617321,-0.0017662213643391926,-10.597328186035156
772,0.0027135577984154224,-0.0009294408162434896,-5.5766448974609375
773,0.0029792464338243008,-0.002213488260904948,-13.280929565429688
774,0.004043463617563248,0.0007811622619628906,4.686973571777344
775,0.0056756832636892796,-0.006465334574381511,-38.79200744628906
776,0.007860042154788971,-2.818489074707031e-05,-0.16910934448242188
777,0.004260812886059284,-0.0003630879720052083,-2.17852783203125
778,0.005305862054228783,-0.01305813471476237,-78.34880828857422
779,0.0041459412313997746,0.0007778701782226562,4.6672210693359375
780,0.0028025521896779537,-0.00929709498087565,-55.782569885253906
781,0.003865935606881976,0.0034228725433349608,20.537235260009766
782,0.007235770113766193,-0.0022827332814534507,-13.696399688720703
783,0.009296133182942867,0.0071239134470621746,42.74348068237305
784,0.008693750947713852,0.007420883337656657,44.52530002593994
785,0.007205386646091938,0.007336590449015299,44.0195426940918
786,0.00918386410921812,-0.0014308764139811198,-8.585258483886719
787,0.002820510184392333,0.00142938232421875,8.5762939453125
788,0.016609132289886475,0.002475849151611328,14.855094909667969
789,0.004505723249167204,-0.004713546752929687,-28.281280517578125
790,0.0043854182586073875,-0.0013659725189208985,-8.19583511352539
791,0.004024979658424854,-0.001043683369954427,-6.2621002197265625
792,0.004876631312072277,-6.684811909993489e-05,-0.4010887145996094
793,0.00752498721703887,-0.0028040262858072917,-16.82415771484375
794,0.005851777270436287,-4.490280151367188e-05,-0.26941680908203125
795,0.0037024039775133133,-0.0013591988881429037,-8.155193328857422
796,0.006027018651366234,0.003397409439086914,20.384456634521484
797,0.004151878412812948,0.0031460177103678384,18.87610626220703
798,0.01848883181810379,-0.00064385986328125,-3.8631591796875
799,0.006290148012340069,-0.000834779421488444,-5.008676528930664
800,0.023202404379844666,-0.0010385265350341796,-6.231159210205078
801,0.004492691718041897,-0.01739064089457194,-104.34384536743164
802,0.030391661450266838,-0.005516199747721354,-33.097198486328125
803,0.005082171410322189,-0.002314730962117513,-13.888385772705078
804,0.00582088902592659,0.006416016101837159,38.49609661102295
805,0.006015759892761707,-0.003083204905192057,-18.499229431152344
806,0.004285930655896664,-0.00289813232421875,-17.3887939453125
807,0.0056457617320120335,-0.001241302490234375,-7.44781494140625
808,0.0061869085766375065,0.0010844300587972006,6.506580352783203
809,0.004201010335236788,0.006964258591334025,41.78555154800415
810,0.00852237083017826,0.006558984120686849,39.353904724121094
811,0.039457011967897415,-0.0020511792500813803,-12.307075500488281
812,0.003504513530060649,-0.008510942459106446,-51.06565475463867
813,0.006917078513652086,0.005048688888549805,30.292133331298828
814,0.004822584800422192,-0.0005972169240315756,-3.583301544189453
815,0.007753032259643078,-0.0005549875895182292,-3.329925537109375
816,0.006046723574399948,-0.0011609357198079427,-6.965614318847656
817,0.005689014680683613,0.001550998051961263,9.305988311767578
818,0.03921658173203468,0.006539652824401856,39.23791694641113
819,0.004912480711936951,-0.008304407755533854,-49.826446533203125
820,0.017208164557814598,-0.0046978562672932945,-28.187137603759766
821,0.014874340035021305,-0.0020168126424153646,-12.100875854492188
822,0.004196568392217159,-0.003250450134277344,-19.502700805664062
823,0.0040403613820672035,-0.012316660563151042,-73.89996337890625
824,0.0067403893917799,-0.004210331598917643,-25.26198959350586
825,0.00801211316138506,0.0032164039611816404,19.298423767089844
826,0.006475635804235935,-0.004052089691162109,-24.312538146972656
827,0.00510658323764801,-0.005630076090494792,-33.78045654296875
828,0.012514122761785984,8.971913655598958e-05,0.5383148193359375
829,0.004955952987074852,-0.005061548868815104,-30.369293212890625
830,0.0047518666833639145,-0.007565430323282878,-45.392581939697266
831,0.004590180236846209,-0.006252957820892334,-37.517746925354004
832,0.024088077247142792,0.0041299540201822915,24.77972412109375
833,0.002809796016663313,-0.0027445437113444012,-16.467262268066406
834,0.01572439819574356,-0.0009446849822998046,-5.668109893798828
835,0.006848484743386507,-0.0023692200978597004,-14.215320587158203
836,0.00820066686719656,-0.011120648701985677,-66.72389221191406
837,0.11294253915548325,0.0006363054911295573,3.8178329467773438
838,0.005012171342968941,-0.0022813549041748047,-13.688129425048828
839,0.005742290988564491,0.0055708262125651045,33.424957275390625
840,0.005131834652274847,-0.00553683344523112,-33.22100067138672
841,0.004093713127076626,-0.009799254099527996,-58.79552459716797
842,0.003988598473370075,-0.005004536151885986,-30.027216911315918
843,0.002830842975527048,-0.0025157152811686196,-15.094291687011719
844,0.0020129161421209574,-0.0006687024434407552,-4.012214660644531
845,0.0046556247398257256,4.160054524739583e-05,0.249603271484375
846,0.004663866478949785,-0.004347980499267578,-26.08788299560547
847,0.003729363437741995,-0.007448959350585938,-44.693756103515625
848,0.004530775360763073,-0.0017601299285888673,-10.560779571533203
849,0.0030870670452713966,0.002093828837076823,12.562973022460938
850,0.01067529059946537,0.00029072316487630207,1.7443389892578125
851,0.0033620218746364117,0.005568294843037923,33.40976905822754
852,0.004953290335834026,0.009634939511617025,57.80963706970215
853,0.003519691526889801,-0.00447323481241862,-26.83940887451172
854,0.0033269121777266264,0.0010829296112060548,6.497577667236328
855,0.0027813364285975695,0.0011756598154703775,7.053958892822266
856,0.009063491597771645,0.001002712885538737,6.016277313232422
857,0.02763984352350235,-0.0010279305775960285,-6.167583465576172
858,0.0042661940678954124,0.0004669138590494792,2.801483154296875
859,0.0032253474928438663,-0.002370000203450521,-14.220001220703125
860,0.004035800229758024,0.0012091344197591146,7.2548065185546875
861,0.004785370547324419,0.001004901885986328,6.029411315917969
862,0.0033780881203711033,0.0026003716786702474,15.602230072021484
863,0.005057171918451786,0.009057577451070149,54.3454647064209
864,0.03157008811831474,0.0017227427164713542,10.336456298828125
865,0.0036431755870580673,9.495798746744792e-05,0.5697479248046875
866,0.00594746507704258,-0.003574255625406901,-21.445533752441406
867,0.0038422634825110435,-0.002741162618001302,-16.446975708007812
868,0.006209689192473888,0.0012514940897623698,7.508964538574219
869,0.0025670514442026615,0.002393173853556315,14.35904312133789
870,0.017443953081965446,0.0019982255299886066,11.98935317993164
871,0.01710563525557518,-0.0021044991811116536,-12.626995086669922
872,0.003201795509085059,0.0026677850087483725,16.006710052490234
873,0.004910320974886417,-0.0016490491231282553,-9.894294738769531
874,0.006934210658073425,-0.00617680261143586,-34.71363067626953
875,0.004829229321330786,-0.0006577033996582032,-3.9462203979492188
876,0.008839812129735947,-0.006223169962565104,-37.339019775390625
877,0.0024751736782491207,0.0006828988393147786,4.097393035888672
878,0.016169868409633636,0.005269132932027181,31.614797592163086
879,0.012242112308740616,-0.007139044443766276,-42.834266662597656
880,0.006325033959001303,-9.565416971842448e-05,-0.5739250183105469
881,0.004205653443932533,0.0011358629862467447,6.815177917480469
882,0.004927284549921751,-0.0043119246164957685,-25.87154769897461
883,0.04830949380993843,0.0030659929911295574,18.395957946777344
884,0.0041029732674360275,-0.0067759199142456055,-40.65551948547363
885,0.014738012105226517,-0.00598888905843099,-35.93333435058594
886,0.023754388093948364,0.003874926249186198,23.249557495117188
887,0.004123110789805651,-0.02064590040808251,-95.28083038330078
888,0.005610094405710697,-0.0023052075703938802,-13.831245422363281
889,0.003842197824269533,-0.02384270985921224,-143.05625915527344
890,0.004185351077467203,-0.0008960240681966146,-5.3761444091796875
891,0.005164605565369129,-0.0012570635477701824,-7.542381286621094
892,0.009479649364948273,-0.005366402943929037,-32.19841766357422
893,0.01949663646519184,-0.005515822251637777,-33.09493350982666
894,0.0053297001868486404,0.0014410025278727213,8.646015167236328
895,0.0031420099548995495,-0.004749566396077474,-28.497398376464844
896,0.0036458864342421293,0.0013297252655029297,7.978351593017578
897,0.00503180455416441,0.0015530408223470053,9.318244934082031
898,0.013817175291478634,-0.013233501116434733,-79.4010066986084
899,0.0038691693916916847,2.5958379109700522e-05,0.15575027465820312
900,0.005649033933877945,-0.012393829345703124,-74.36297607421875
901,0.017311636358499527,-0.008894631703694662,-53.36779022216797
902,0.004739600233733654,-0.004256604512532552,-25.539627075195312
903,0.004776869900524616,-0.012047101338704427,-72.28260803222656
904,0.032121896743774414,-0.001673206329345703,-10.039237976074219
905,0.005024997051805258,0.0010815626780192058,6.489376068115234
906,0.002613661577925086,-0.0016435489654541015,-9.86129379272461
907,0.004643966909497976,-0.0020266094207763673,-12.159656524658203
908,0.0036714919842779636,0.0012766348520914714,7.659809112548828
909,0.009058651514351368,-0.0187842465720585,-23.91234588623047
910,0.017292790114879608,-0.0024328912099202474,-14.597347259521484
911,0.0026004875544458628,-0.0010617268880208333,-6.370361328125
912,0.005911178421229124,0.0003482850392659505,2.089710235595703
913,0.009394124150276184,-0.0005259876251220703,-3.155925750732422
914,0.003984841518104076,-0.005060913721720377,-30.365482330322266
915,0.006179689895361662,0.0015646502176920572,9.387901306152344
916,0.005093458574265242,-0.004655098597208659,-27.930591583251953
917,0.003302991623058915,0.0016484635670979818,9.89078140258789
918,0.0041739377193152905,-0.0005081253051757812,-3.0487518310546875
919,0.0034539373591542244,-0.006842887878417968,-41.05732727050781
920,0.003397461725398898,0.00878076680501302,52.684600830078125
921,0.0023543417919427156,5.125109354654948e-05,0.3075065612792969
922,0.03227240592241287,-0.00475998306274414,-28.559898376464844
923,0.004492562264204025,-0.0014392445882161458,-8.635467529296875
924,0.0034871946554630995,-0.00019847997029622395,-1.1908798217773438
925,0.004802891053259373,0.0012118721008300781,7.271232604980469
926,0.0065331533551216125,0.00035435867309570313,2.1261520385742188
927,0.003144301939755678,0.0006361325581868489,3.8167953491210938
928,0.020279904827475548,-0.011200269063313803,-67.20161437988281
929,0.002616214333102107,-0.0065526555379231775,-39.31593322753906
930,0.0026508586015552282,0.002345044453938802,14.070266723632812
931,0.0045327055267989635,-0.007258928457895914,-43.55357074737549
932,0.012828911654651165,0.0058866027196248375,35.31961631774902
933,0.0037137256003916264,6.248219807942709e-05,0.3748931884765625
934,0.003137716557830572,-0.004595322926839193,-27.571937561035156
935,0.010258735157549381,-0.00038629404703776043,-2.3177642822265625
936,0.0017029719892889261,0.0031591657002766928,18.954994201660156
937,0.0026406929828226566,0.0015678182427223502,8.301597595214844
938,0.002369471825659275,-0.001797570546468099,-10.785423278808594
939,0.01118245255202055,-0.0036138648986816404,-21.683189392089844
940,0.0032243148889392614,-0.014977860768636067,-89.8671646118164
941,0.002414447022601962,-0.00647048823038737,-38.82292938232422
942,0.003366385120898485,-0.007891339619954427,-47.34803771972656
943,0.004863620735704899,-0.0001642748514811198,-0.9856491088867188
944,0.003882084973156452,-2.8636932373046874e-05,-0.17182159423828125
945,0.02253914810717106,0.001201685587565104,7.210113525390625
946,0.004296275787055492,-0.01166326649983724,-69.97959899902344
947,0.003197441343218088,0.0001967315673828125,1.180389404296875
948,0.0030774977058172226,-0.002894397735595703,-17.36638641357422
949,0.009293043985962868,0.0007140083312988281,4.284049987792969
950,0.007679561153054237,-0.003796606699625651,-22.779640197753906
951,0.006158200092613697,-0.004039118448893229,-24.234710693359375
952,0.007004932500422001,-0.008296915690104167,-49.781494140625
953,0.0058983201161026955,-0.002185551961263021,-13.113311767578125
954,0.006709315348416567,0.0032020142873128254,19.212085723876953
955,0.008211538195610046,-0.0006755193074544271,-4.0531158447265625
956,0.007137118373066187,-0.0054866243998209635,-32.91974639892578
957,0.010704707354307175,0.002094866434733073,12.569198608398438
958,0.008255451917648315,-0.0011200408935546876,-6.720245361328125
959,0.014136931858956814,-0.005286842981974284,-31.721057891845703
960,0.006020040716975927,0.002188242594401042,13.12945556640625
961,0.004604602698236704,-0.0007072868347167969,-4.243721008300781
962,0.003401190275326371,-0.006518502076466879,-39.11101245880127
963,0.007773479912430048,0.0013004430135091145,7.8026580810546875
964,0.004562775604426861,-0.004113822301228841,-24.682933807373047
965,0.003685298841446638,0.00013466310501098632,0.807978630065918
966,0.00526199396699667,-0.005662307739257812,-33.973846435546875
967,0.0049130721017718315,0.00357855224609375,21.4713134765625
968,0.010490057058632374,0.003986855824788411,23.92113494873047
969,0.004435271956026554,3.3980051676432295e-05,0.20388031005859375
970,0.0051910607144236565,-0.010339916229248047,-62.03949737548828
971,0.0030726066324859858,0.00012079493204752604,0.7247695922851562
972,0.018251631408929825,-0.0004012247721354167,-2.4073486328125
973,0.004839207977056503,-0.006929660161336263,-41.57796096801758
974,0.0027531213127076626,0.005907660166422526,35.445960998535156
975,0.0021671592257916927,0.00018691317240397137,1.1214790344238281
976,0.014143424108624458,-0.0004971084594726562,-2.9826507568359375
977,0.006055464036762714,-0.0048961911011629064,-16.847793579101562
978,0.006056805141270161,-0.0025423800150553384,-15.254280090332031
979,0.0025373471435159445,0.0022922566731770834,13.7535400390625
980,0.004630826413631439,-0.00087518310546875,-5.2510986328125
981,0.00490490160882473,0.0007462717692057291,4.477630615234375
982,0.006608804687857628,0.011679514726003011,70.07708835601807
983,0.008229682222008705,0.0009043528238932291,5.426116943359375
984,0.020329363644123077,0.0060166171391805015,36.09970283508301
985,0.006335152313113213,0.0012244491577148439,7.3466949462890625
986,0.004315574187785387,0.0004537512461344401,2.7225074768066406
987,0.1598026007413864,-0.0007060279846191406,-4.236167907714844
988,0.010588083416223526,0.001075054168701172,6.450325012207031
989,0.010630638338625431,-0.0009410273234049479,-5.6461639404296875
990,0.006874137558043003,-0.00038764381408691405,-2.3258628845214844
991,0.004974118433892727,0.0003553911844889323,2.1323471069335938
992,0.0028260506223887205,-0.001407568613688151,-8.445411682128906
993,0.004103885032236576,0.00509742005666097,30.58452033996582
994,0.004120763391256332,-0.010680970509847005,-64.08582305908203
995,0.006760517135262489,-0.00172943115234375,-10.3765869140625
996,0.012249094434082508,-3.0248641967773437e-05,-0.18149185180664062
997,0.012343729846179485,-0.011335602442423503,-68.01361465454102
998,0.0034154916647821665,0.0020050290425618488,12.030174255371094
999,0.0056159477680921555,-0.0031103439331054685,-18.662063598632812
